Word,Meaning,Example 1,Example 2,Example 3,Memory Hook,Base Form,Subject,Chapter,Related Forms
Ascended,Came to power; became king or emperor.,Aurangzeb ascended the Mughal throne in 1658.,Bahadur Shah I ascended the throne after Aurangzeb's death.,Several princes fought to ascend the throne.,Rise to power,Ascend (Verb),Modern History,Decline of Mughals,"Ascended, Ascending, Ascension, Ascendant"
Willed,"Decided, wished, or ordered something.",The emperor willed that his son should succeed him.,The ruler willed the distribution of his property.,The nobles followed what the emperor had willed.,Official wish,Will (Verb),Modern History,Decline of Mughals,"Wills, Willed, Willing"
Aristocracy,Rich and powerful noble class.,The Mughal aristocracy enjoyed great privileges.,Rivalries within the aristocracy weakened the empire.,The aristocracy controlled important government posts.,Noble class,Aristocracy (Noun),Modern History,Decline of Mughals,"Aristocrat, Aristocratic"
Pacified,Brought under control; calmed down.,Akbar pacified many rebellious regions.,The army was sent to pacify the revolt.,The emperor pacified the dissatisfied nobles.,Bring peace,Pacify (Verb),Modern History,Decline of Mughals,"Pacify, Pacification, Pacifying"
Fickle,Frequently changing loyalty or opinions.,The fickle nobles often changed sides.,The ruler could not trust the fickle support of some chiefs.,Fickle alliances weakened the kingdom.,Changes quickly,Fickle (Adjective),Modern History,Decline of Mughals,Fickleness
Nevertheless,Despite that; however.,"The empire was weakening; nevertheless, it remained large.","The ruler faced opposition; nevertheless, he continued his reforms.","Nevertheless, the Mughal administration survived for many years.",Even so,Nevertheless (Adverb),Modern History,Decline of Mughals,Nonetheless
Cavalry,Soldiers who fight on horseback.,The Mughal cavalry was highly effective.,Maratha cavalry moved swiftly across territories.,The cavalry attacked before the infantry advanced.,Horse soldiers,Cavalry (Noun),Modern History,Decline of Mughals,"Cavalryman, Cavalries"
Intrigues,Secret plots or conspiracies.,Court intrigues became common after Aurangzeb's death.,Many princes fell victim to palace intrigues.,Political intrigues weakened the administration.,Secret plotting,Intrigue (Noun/Verb),Modern History,Decline of Mughals,"Intrigued, Intriguing"
Factionalism,Division into rival groups.,Factionalism among nobles weakened the empire.,Court politics was dominated by factionalism.,Factionalism often led to civil conflicts.,Group rivalry,Faction (Noun),Modern History,Decline of Mughals,"Faction, Factional"
Aided,Helped or supported.,The French aided several Indian rulers.,Local chiefs aided the rebels.,Foreign powers aided regional kingdoms.,Helped,Aid (Verb),Modern History,Decline of Mughals,"Aid, Aiding, Aids"
Curb,To control or limit.,The emperor tried to curb corruption.,Strong rulers curbed the power of nobles.,New laws were introduced to curb unrest.,Control,Curb (Verb),Modern History,Decline of Mughals,"Curbed, Curbing"
Deterrence,Something that prevents an action.,Strong forts acted as a deterrence against invasion.,A large army served as a deterrence to rebellion.,Military strength provided deterrence against enemies.,Prevent by fear,Deter (Verb),Modern History,Decline of Mughals,"Deter, Deterred, Deterring"
Infantry,Soldiers who fight on foot.,The infantry was equipped with muskets.,European armies relied heavily on infantry.,The infantry followed the cavalry into battle.,Foot soldiers,Infantry (Noun),Modern History,Decline of Mughals,Infantryman
Mercenaries,Soldiers hired for money.,Many rulers employed mercenaries during wars.,European mercenaries fought in Indian armies.,Mercenaries often served the highest bidder.,Paid soldiers,Mercenary (Noun),Modern History,Decline of Mughals,Mercenary
Defied,Refused to obey.,Shivaji defied Mughal authority.,Several governors defied imperial orders.,The rebels openly defied the emperor.,Disobey,Defy (Verb),Modern History,Decline of Mughals,"Defy, Defiant, Defiance"
Seceded,Broke away from a kingdom or empire.,Some provinces effectively seceded from Mughal control.,Regional states seceded as central authority weakened.,Bengal nearly seceded from the empire.,Break away,Secede (Verb),Modern History,Decline of Mughals,"Secede, Secession"
Skirmishes,Small battles.,Border skirmishes were common.,The conflict began with small skirmishes.,Several skirmishes occurred before the main battle.,Small fight,Skirmish (Noun),Modern History,Decline of Mughals,Skirmishing
Imprudent,Unwise; lacking good judgment.,The ruler's imprudent decisions weakened the treasury.,Historians criticize some imprudent military campaigns.,An imprudent policy led to public dissatisfaction.,Unwise,Imprudent (Adjective),Modern History,Decline of Mughals,"Imprudence, Prudence"
Conferred,Granted or awarded.,The emperor conferred titles on loyal nobles.,Jagirs were conferred as rewards.,Special honors were conferred upon military leaders.,Officially give,Confer (Verb),Modern History,Decline of Mughals,"Confer, Conference"
Epithet,A title or nickname.,"Akbar earned the epithet ""Akbar the Great.""",Many rulers were known by honorific epithets.,The epithet reflected the ruler's achievements.,Title,Epithet (Noun),Modern History,Decline of Mughals,Epithets
Baton,Symbol of authority or leadership.,The commander carried a baton as a sign of authority.,The ceremonial baton represented military leadership.,The baton was handed to the new commander.,Symbol of command,Baton (Noun),Modern History,Decline of Mughals,Batons
Petty,Trivial; small-minded.,Petty disputes weakened the nobility.,Leaders wasted time on petty rivalries.,Petty quarrels distracted the administration.,Small and unimportant,Petty (Adjective),Modern History,Decline of Mughals,Pettiness
Bigot,A person intolerant of others' beliefs.,"Some historians describe Aurangzeb as a bigot, while others disagree.",A bigot refuses to respect different faiths.,Religious bigots often create social divisions.,Intolerant person,Bigot (Noun),Modern History,Decline of Mughals,Bigotry
Ousting,Removing from power.,The ousting of weak rulers created instability.,Nobles played a role in the ousting of emperors.,The ousting of the governor led to unrest.,Remove from power,Oust (Verb),Modern History,Decline of Mughals,"Oust, Ousted"
Bickered,Argued over small matters.,The nobles bickered over power.,Rival factions bickered continuously.,Leaders bickered while the empire declined.,Petty arguments,Bicker (Verb),Modern History,Decline of Mughals,Bickering
Confederacy,A group united for a common purpose.,The Maratha Confederacy became a major power.,Several chiefs formed a confederacy against a common enemy.,The confederacy expanded its influence rapidly.,Alliance,Confederacy (Noun),Modern History,Decline of Mughals,"Confederate, Confederation"
Lax,Not strict; careless.,A lax administration encouraged corruption.,Revenue collection became lax in distant provinces.,Lax enforcement of laws weakened authority.,Not strict,Lax (Adjective),Modern History,Decline of Mughals,Laxity
Envoys,Official representatives or messengers.,Kings exchanged envoys before signing treaties.,The emperor sent envoys to negotiate peace.,Foreign envoys visited the Mughal court.,Official messenger,Envoy (Noun),Modern History,Decline of Mughals,Envoys
Meted Out,Given or imposed (usually punishment or reward).,Severe punishments were meted out to rebels.,Justice was meted out by local officials.,Rewards were meted out to loyal soldiers.,Officially give,Mete Out (Phrasal Verb),Modern History,Decline of Mughals,"Mete, Meting"
Sapped,Gradually weakened.,Continuous wars sapped Mughal resources.,Internal conflicts sapped the empire's strength.,Corruption sapped public confidence.,Slowly weaken,Sap (Verb),Modern History,Decline of Mughals,"Sap, Sapping"
Dissensions,Disagreements causing division.,Internal dissensions weakened the nobility.,Political dissensions affected governance.,The empire suffered from growing dissensions.,Internal conflict,Dissension (Noun),Modern History,Decline of Mughals,"Dissent, Dissension"
Fortified,Strengthened with defenses.,Shivaji fortified many hill forts.,The city was heavily fortified against attacks.,The ruler fortified border regions.,Strengthen defenses,Fortify (Verb),Modern History,Decline of Mughals,"Fortify, Fortification"
Decree,An official order.,The emperor issued a decree on taxation.,A royal decree had the force of law.,The decree affected trade across the empire.,Royal order,Decree (Noun),Modern History,Decline of Mughals,Decreed
Culminating,Reaching the final result.,The decline of the empire culminated in its collapse.,"Tensions grew for years, culminating in rebellion.","The conflict ended, culminating in a peace treaty.",End result,Culminate (Verb),Modern History,Decline of Mughals,"Culminate, Culmination"
Impetus,A force or encouragement to start something.,Foreign invasions gave impetus to regional movements.,Economic growth provided impetus to trade.,The victory gave impetus to expansion.,Push forward,Impetus (Noun),Modern History,Decline of Mughals,-
Plebeian,Common or ordinary people.,The plebeian classes suffered during wars.,Many soldiers came from plebeian backgrounds.,Taxes affected plebeian families the most.,Common people,Plebeian (Noun/Adjective),Modern History,Decline of Mughals,Plebeians
Beset,Surrounded by problems.,The Mughal Empire was beset by rebellions.,The ruler was beset with administrative difficulties.,The kingdom was beset by economic troubles.,Surrounded by problems,Beset (Verb),Modern History,Decline of Mughals,Besetting
Spectre,A feared possibility or threat.,The spectre of invasion worried many rulers.,The spectre of political instability haunted the empire.,The spectre of famine troubled the population.,Looming threat,Spectre (Noun),Modern History,Decline of Mughals,Spectral
Antiquity,Ancient times; very old period in history.,India had trade relations with Europe since antiquity.,The ports of western India were famous from antiquity.,Historians study antiquity to understand early civilizations.,Ancient times,Antiquity (Noun),Modern History,Advent of the Europeans,"Ancient, Antiquities"
Ceased,Stopped; came to an end.,Direct trade between Europe and Asia ceased after certain conflicts.,Some trade routes ceased to be profitable.,The war ceased after a peace agreement.,Stop,Cease (Verb),Modern History,Advent of the Europeans,"Cease, Ceasing, Cessation"
Renaissance,"Revival of learning, art, science, and culture in Europe.",The Renaissance encouraged Europeans to explore new lands.,Scientific thinking grew during the Renaissance.,The Renaissance transformed European society.,Rebirth,Renaissance (Noun),Modern History,Advent of the Europeans,Renaissance
Zeal,Great enthusiasm or eagerness.,Portuguese sailors explored new routes with great zeal.,Missionaries spread Christianity with religious zeal.,His zeal for exploration inspired many sailors.,Enthusiasm,Zeal (Noun),Modern History,Advent of the Europeans,"Zealous, Zealously"
Aggravating,Making a problem worse.,Heavy taxes were aggravating public discontent.,Rivalries were aggravating tensions among European powers.,The conflict was aggravated by economic competition.,Make worse,Aggravate (Verb),Modern History,Advent of the Europeans,"Aggravate, Aggravated, Aggravation"
Overlords,Rulers who control other rulers or territories.,Local chiefs paid tribute to their overlords.,The Portuguese tried to act as overlords of Indian Ocean trade.,Many kingdoms accepted powerful emperors as overlords.,Supreme ruler,Overlord (Noun),Modern History,Advent of the Europeans,"Overlord, Overlordship"
Levied,Imposed or collected a tax.,The Portuguese levied duties on ships.,The rulers levied taxes on traders.,Customs duties were levied at major ports.,Impose tax,Levy (Verb),Modern History,Advent of the Europeans,"Levy, Levying"
Calamities,Great disasters or misfortunes.,Famines and wars were major calamities of the period.,Natural calamities affected trade and agriculture.,The kingdom suffered repeated calamities.,Disaster,Calamity (Noun),Modern History,Advent of the Europeans,"Calamity, Calamitous"
Levant,Eastern Mediterranean region.,European merchants traded through the Levant.,The Ottoman Empire controlled many Levant routes.,Goods from Asia reached Europe through the Levant.,Eastern Mediterranean,Levant (Proper Noun),Modern History,Advent of the Europeans,Levantine
Consolidated,Strengthened or united.,The Portuguese consolidated their position in Goa.,European companies consolidated control over trade.,The Mughal Empire consolidated its authority under Akbar.,Strengthen,Consolidate (Verb),Modern History,Advent of the Europeans,"Consolidate, Consolidation"
Levy,A tax imposed by authority; also means to impose a tax.,Traders had to pay a levy on imported goods.,The levy increased government revenue.,The rulers levied duties on merchants.,Tax,Levy (Noun/Verb),Modern History,Advent of the Europeans,"Levied, Levying"
Antagonism,Strong opposition or hostility.,Antagonism grew between European trading powers.,Religious antagonism often led to conflict.,Political antagonism weakened alliances.,Hostility,Antagonism (Noun),Modern History,Advent of the Europeans,"Antagonize, Antagonistic"
Armament,Military weapons and equipment.,European ships carried powerful armaments.,Naval armaments gave Europeans an advantage.,The kingdom invested heavily in armaments.,Weapons,Armament (Noun),Modern History,Advent of the Europeans,Armaments
Arsenals,Places where weapons are stored or manufactured.,The Portuguese built arsenals near coastal forts.,Arsenals supplied weapons to naval fleets.,The kingdom maintained large arsenals.,Weapon storehouse,Arsenal (Noun),Modern History,Advent of the Europeans,Arsenal
Filigree Work,Delicate ornamental work made from fine metal wires.,Indian craftsmen were famous for filigree work.,European travelers admired Indian filigree jewelry.,Filigree work was an important export item.,Fine metal art,Filigree (Noun),Modern History,Advent of the Europeans,Filigree
Fretted Foliage,Decorative carved leaf patterns used in art and architecture.,Many buildings contained fretted foliage designs.,European visitors praised Indian decorative art.,Temples often displayed intricate fretted foliage.,Leaf carvings,"Fretted (Adjective), Foliage (Noun)",Modern History,Advent of the Europeans,"Fret, Foliage"
Accredited,Officially recognized or authorized.,Accredited agents represented trading companies.,The ambassador was accredited to the royal court.,Only accredited representatives could negotiate treaties.,Official approval,Accredit (Verb),Modern History,Advent of the Europeans,"Accredit, Accreditation"
Reluctant,Unwilling; hesitant.,Some rulers were reluctant to grant trading privileges.,The merchants were reluctant to take risks.,The emperor was reluctant to trust foreigners.,Hesitant,Reluctant (Adjective),Modern History,Advent of the Europeans,"Reluctance, Reluctantly"
Stewardship,Responsible management or care.,The governor was praised for his stewardship of the colony.,Good stewardship improved administration.,Effective stewardship increased trade revenues.,Responsible management,Stewardship (Noun),Modern History,Advent of the Europeans,"Steward, Stewardship"
Scuffle,"A short, confused fight or struggle.",A scuffle broke out between rival groups in the Nawab's court.,The soldiers were involved in a scuffle near the fort.,Minor scuffles often preceded larger conflicts.,Small fight,Scuffle (Noun/Verb),Modern History,Advent of the Europeans,"Scuffle, Scuffled, Scuffling"
Pretext,A false reason given to hide the real reason.,The British used a trade dispute as a pretext for intervention.,The Company found a pretext to interfere in local politics.,A minor incident became the pretext for war.,Fake excuse,Pretext (Noun),Modern History,Advent of the Europeans,Pretexts
Bestowed,"To give or grant an honor, title, or gift.",The Mughal emperor bestowed titles upon loyal nobles.,Land grants were bestowed on military commanders.,The ruler bestowed rewards on successful officials.,Official gift,Bestow (Verb),Modern History,Advent of the Europeans,"Bestow, Bestowing, Bestowal"
Oust,To remove from power or position.,The British ousted many local rulers.,Rival nobles attempted to oust the regent.,Siraj-ud-Daulah was eventually ousted from power.,Remove from power,Oust (Verb),Modern History,Advent of the Europeans,"Ousted, Ousting"
Henceforth,From this time onward.,"Henceforth, the Company would collect revenue directly.",The treaty declared that henceforth peace would be maintained.,"Henceforth, British influence increased rapidly.",From now on,Henceforth (Adverb),Modern History,Advent of the Europeans,-
Reluctance,Unwillingness; hesitation.,The Nawab showed reluctance to accept British demands.,There was reluctance among rulers to trust foreign traders.,His reluctance delayed the agreement.,Hesitation,Reluctance (Noun),Modern History,Advent of the Europeans,"Reluctant, Reluctantly"
Ascendance,"Rise to power, influence, or dominance.",The Battle of Plassey marked the ascendance of British power.,British ascendance changed the political landscape of India.,The Company's military success led to its ascendance.,Rise to power,Ascendance (Noun),Modern History,Advent of the Europeans,"Ascend, Ascendant"
Cede,"To give up territory, rights, or power officially.",The ruler was forced to cede territory to the Company.,Several states ceded land after defeat.,The treaty required the Nawab to cede important districts.,Give up,Cede (Verb),Modern History,Advent of the Europeans,"Ceded, Ceding"
Relegated,To move to a lower position or less important status.,The Mughal emperor was relegated to a symbolic role.,Indian rulers were relegated to secondary positions.,Traditional authorities were relegated by British administration.,Pushed down,Relegate (Verb),Modern History,Advent of the Europeans,"Relegate, Relegation"
Disunity,Lack of unity; division among people.,Indian disunity helped the British expand their control.,Political disunity weakened resistance.,The kingdom suffered from internal disunity.,Division,Disunity (Noun),Modern History,Advent of the Europeans,Unity
Espionage,The practice of spying to obtain secret information.,The Company relied on espionage to gather intelligence.,Espionage played an important role in warfare.,British agents engaged in espionage within rival courts.,Secret spying,Espionage (Noun),Modern History,Advent of the Europeans,"Spy, Espionage"
Thwarted,Prevented someone from succeeding.,The Nawab's plans were thwarted by British diplomacy.,Several rebellions were thwarted before they gained strength.,The British thwarted attempts to unite against them.,Prevent success,Thwart (Verb),Modern History,Advent of the Europeans,"Thwart, Thwarting"
Regent,A person who rules on behalf of a monarch who cannot rule.,The regent governed until the young prince came of age.,The queen mother acted as regent.,A regent often exercised significant authority.,Temporary ruler,Regent (Noun),Modern History,Advent of the Europeans,Regency
Embodiment,A perfect example or representation of something.,Clive became the embodiment of British ambition in India.,The fort was considered an embodiment of military strength.,The ruler was seen as the embodiment of justice.,Perfect example,"Embody (Verb), Embodiment (Noun)",Modern History,Advent of the Europeans,"Embody, Embodied"
Deter,To discourage or prevent an action.,Strong defenses deterred enemy attacks.,The British sought to deter rebellions through military force.,Severe punishments were used to deter resistance.,Prevent,Deter (Verb),Modern History,Advent of the Europeans,"Deterrence, Deterred"
Licentiousness,Excessive freedom without moral restraint; immoral behavior.,Some historians criticized the court for licentiousness.,Licentiousness among nobles damaged their reputation.,The ruler was accused of encouraging licentiousness.,Immoral excess,"Licentious (Adjective), Licentiousness (Noun)",Modern History,Advent of the Europeans,Licentious
Dire,"Extremely serious, urgent, or terrible.",The kingdom faced a dire financial crisis.,The defeat created a dire situation for the Nawab.,Farmers suffered under dire economic conditions.,Very serious,Dire (Adjective),Modern History,Advent of the Europeans,Direness
Prowess,"Great skill, ability, or expertise.",The British demonstrated military prowess in several battles.,Clive's military prowess helped the Company expand its influence.,The Company's naval prowess gave it an advantage in trade.,Exceptional skill,Prowess (Noun),Modern History,Economic and Administrative Policies under the British,Prowess
Confiscated,Seized property by authority.,The British confiscated the lands of rebellious zamindars.,Property was confiscated from those who failed to pay taxes.,The government confiscated estates after the revolt.,Seize property,Confiscate (Verb),Modern History,Economic and Administrative Policies under the British,"Confiscate, Confiscation"
Lessees,A person who takes land or property on lease.,The Company appointed lessees to collect revenue.,Many lessees exploited peasants for higher profits.,The lessees were responsible for paying fixed revenue.,Lease holder,Lessee (Noun),Modern History,Economic and Administrative Policies under the British,"Lessee, Lessor"
Exorbitant,Excessively high or unreasonable.,Peasants had to pay exorbitant taxes.,The Company demanded exorbitant land revenue.,Exorbitant rates pushed many farmers into debt.,Extremely expensive,Exorbitant (Adjective),Modern History,Economic and Administrative Policies under the British,Exorbitantly
Erstwhile,Former; previous.,The erstwhile rulers lost their authority.,Many erstwhile nawabs became pensioners.,The British replaced the erstwhile administrative system.,Former,Erstwhile (Adjective),Modern History,Economic and Administrative Policies under the British,-
Coercive,Using force or pressure to make someone do something.,The British often adopted coercive policies.,Coercive revenue collection burdened peasants.,Farmers were subjected to coercive measures.,Force people,"Coerce (Verb), Coercive (Adjective)",Modern History,Economic and Administrative Policies under the British,"Coerce, Coercion"
Bullion,Gold or silver in bulk form.,European traders initially brought bullion to India.,India attracted large amounts of bullion due to its trade surplus.,Precious bullion was exchanged for Indian goods.,Gold and silver,Bullion (Noun),Modern History,Economic and Administrative Policies under the British,-
Vehement,Showing strong emotion or force.,Indian leaders expressed vehement opposition to British policies.,There was vehement criticism of excessive taxation.,The peasants voiced vehement protests.,Strong feeling,Vehement (Adjective),Modern History,Economic and Administrative Policies under the British,Vehemently
Enunciation,Clear statement or declaration of an idea or policy.,Dadabhai Naoroji's enunciation of the Drain Theory was influential.,The enunciation of new revenue policies changed administration.,The governor's enunciation of reforms received attention.,Formal declaration,"Enunciate (Verb), Enunciation (Noun)",Modern History,Economic and Administrative Policies under the British,Enunciate
Extravagant,Excessive or wasteful spending.,Some rulers maintained extravagant lifestyles.,Extravagant expenditure weakened state finances.,The court was known for its extravagant ceremonies.,Wasteful,Extravagant (Adjective),Modern History,Economic and Administrative Policies under the British,Extravagance
Impoverishment,The process of becoming poor.,British policies contributed to the impoverishment of artisans.,The impoverishment of peasants increased during famines.,Economic exploitation led to widespread impoverishment.,Becoming poorer,"Impoverish (Verb), Impoverishment (Noun)",Modern History,Economic and Administrative Policies under the British,Impoverish
Covenants,A formal agreement or contract.,Company officials signed covenants before taking office.,Several covenants regulated administrative conduct.,The covenant specified the duties of the officer.,Official agreement,Covenant (Noun),Modern History,Economic and Administrative Policies under the British,Covenant
Vociferous,Loud and forceful in expressing opinions.,There was vociferous opposition to unfair taxation.,Nationalist leaders made vociferous demands for reforms.,The peasants voiced vociferous complaints.,Loud protest,Vociferous (Adjective),Modern History,Economic and Administrative Policies under the British,Vociferously
Plight,Difficult or unfortunate situation.,The plight of Indian peasants worsened under colonial rule.,Reformers highlighted the plight of workers.,The famine revealed the plight of rural society.,Hard situation,Plight (Noun),Modern History,Economic and Administrative Policies under the British,-
Teeming,Full of; crowded with.,Calcutta became a teeming commercial city.,The markets were teeming with traders.,Ports were teeming with economic activity.,Full of activity,"Teem (Verb), Teeming (Adjective)",Modern History,Economic and Administrative Policies under the British,"Teem, Teemed"
Quell,To suppress or put an end to something.,The British used force to quell revolts.,Troops were sent to quell peasant uprisings.,The administration struggled to quell unrest.,Suppress,Quell (Verb),Modern History,Economic and Administrative Policies under the British,"Quelled, Quelling"
Usher,To lead or bring about the beginning of something.,British rule ushered in new administrative systems.,The Industrial Revolution ushered in major economic changes.,New policies ushered in a period of reform.,Bring in,Usher (Verb/Noun),Modern History,Economic and Administrative Policies under the British,"Ushered, Ushering"
Conformity,"Following accepted rules, customs, or traditions.",Reformers challenged blind conformity to old customs.,Society expected conformity to traditional practices.,Raja Ram Mohan Roy opposed conformity when it promoted social evils.,Following the crowd,"Conform (Verb), Conformity (Noun)",Modern History,Socio-Religious Reform Movement,"Conform, Conforming"
Bourgeoisie,"Middle class, especially educated and business-owning people.",The Indian bourgeoisie supported many reform movements.,The educated bourgeoisie demanded social reforms.,Newspapers were largely run by the emerging bourgeoisie.,Educated middle class,Bourgeoisie (Noun),Modern History,Socio-Religious Reform Movement,Bourgeois
Assimilated,Absorbed and adopted ideas or culture.,Reformers assimilated Western ideas with Indian traditions.,Indian society gradually assimilated modern education.,Some communities assimilated foreign influences.,Absorb,Assimilate (Verb),Modern History,Socio-Religious Reform Movement,"Assimilate, Assimilation"
Obscurantism,"Opposition to knowledge, education, or progress.",Reformers fought against obscurantism.,Obscurantism hindered social development.,Modern education challenged obscurantism.,Keep people ignorant,Obscurantism (Noun),Modern History,Socio-Religious Reform Movement,Obscurantist
Obsolescence,State of becoming outdated.,Reformers argued for the obsolescence of harmful customs.,Social changes led to the obsolescence of many practices.,New ideas accelerated cultural obsolescence.,Outdated,Obsolete (Adjective),Modern History,Socio-Religious Reform Movement,"Obsolete, Obsolescent"
Hark Back,To return mentally to the past.,Revivalists often harked back to ancient traditions.,Some reformers did not want society to merely hark back to the past.,Nationalists frequently harked back to India's ancient achievements.,Look back,Hark Back (Phrase),Modern History,Socio-Religious Reform Movement,-
Contemporary,Belonging to the same time; modern.,Vivekananda was a contemporary of many reformers.,Contemporary issues required modern solutions.,Contemporary society was undergoing rapid change.,Same period,Contemporary (Adjective/Noun),Modern History,Socio-Religious Reform Movement,"Contemporaries, Contemporaneous"
Repudiated,Rejected strongly.,Reformers repudiated caste discrimination.,Many thinkers repudiated social injustice.,The movement repudiated outdated customs.,Strongly reject,Repudiate (Verb),Modern History,Socio-Religious Reform Movement,"Repudiate, Repudiation"
Crusading,Campaigning strongly for a cause.,Reformers were crusading against social evils.,He spent his life crusading for women's rights.,Many newspapers were crusading for reform.,Fighting for a cause,Crusade (Noun/Verb),Modern History,Socio-Religious Reform Movement,"Crusade, Crusader"
Preached,Taught or promoted an idea.,Vivekananda preached universal brotherhood.,Reformers preached equality and education.,The movement preached social harmony.,Spread ideas,Preach (Verb),Modern History,Socio-Religious Reform Movement,"Preach, Preacher, Preaching"
Emissary,A representative sent on a mission.,The organization sent emissaries across India.,Religious groups appointed emissaries to spread their ideas.,The emissary carried important messages.,Official messenger,Emissary (Noun),Modern History,Socio-Religious Reform Movement,Emissaries
Authoritarianism,Belief in strict obedience to authority.,Reformers opposed authoritarianism in social institutions.,Excessive authoritarianism suppressed free thinking.,Education challenged authoritarian attitudes.,Rule by strict authority,Authoritarian (Adjective),Modern History,Socio-Religious Reform Movement,"Authoritarian, Authoritarianly"
Impetus,Force that encourages action.,Western education gave impetus to reform movements.,New ideas provided impetus for change.,The movement gained impetus from public support.,Push / boost,Impetus (Noun),Modern History,Socio-Religious Reform Movement,-
Shunning Vices,Avoiding bad habits.,Reformers advocated shunning vices like alcoholism.,Many organizations promoted shunning social evils.,Youth were encouraged to practice self-discipline by shunning vices.,Avoid bad habits,"Shun (Verb), Vice (Noun)",Modern History,Socio-Religious Reform Movement,"Shun, Shunning, Vice, Vices"
Conscript,A person forced into military service.,Some colonial governments used conscripts in their armies.,Young men were conscripted during wars.,The conscript served unwillingly.,Forced soldier,Conscript (Noun/Verb),Modern History,Socio-Religious Reform Movement,"Conscripted, Conscription"
Derozians,Followers of Henry Louis Vivian Derozio.,The Derozians promoted rational thinking.,Derozians challenged orthodox beliefs.,Many Derozians supported social reforms.,Followers of Derozio,Derozian (Noun),Modern History,Socio-Religious Reform Movement,Derozian
Excite Veneration,To inspire deep respect.,Ancient scriptures continued to excite veneration among followers.,Great leaders excite veneration even today.,Vivekananda's teachings excited veneration among many Indians.,Inspire respect,"Excite (Verb), Veneration (Noun)",Modern History,Socio-Religious Reform Movement,"Excite, Venerate, Veneration"
Steeped,Deeply immersed in something.,Society was steeped in traditional customs.,He was steeped in religious learning.,The movement emerged from a society steeped in orthodoxy.,Deeply immersed,Steep (Verb),Modern History,Socio-Religious Reform Movement,"Steep, Steeping"
Theism,Belief in God.,The Brahmo Samaj promoted monotheistic theism.,Theism remained central to many reform movements.,Different forms of theism emerged during the period.,Belief in God,Theism (Noun),Modern History,Socio-Religious Reform Movement,"Theist, Theistic"
Loincloth,A simple cloth worn around the waist.,Many ascetics wore only a loincloth.,Traditional saints often dressed in a loincloth.,"The reformer lived simply, wearing a loincloth.",Simple clothing,Loincloth (Noun),Modern History,Socio-Religious Reform Movement,Loincloths
Infallible,Never wrong or incapable of making mistakes.,Reformers argued that no human being is infallible.,Blind belief in infallible authority was criticized.,Scientific thinking rejects claims of infallibility.,Cannot be wrong,Infallible (Adjective),Modern History,Socio-Religious Reform Movement,Infallibility
Dispelled,"Removed doubts, fears, or false beliefs.",Education dispelled many superstitions.,Reformers dispelled myths about social practices.,Scientific knowledge dispelled ignorance.,Remove,Dispel (Verb),Modern History,Socio-Religious Reform Movement,"Dispel, Dispelling"
Theologians,Scholars of religion.,Theologians debated religious reforms.,Many theologians opposed social changes.,Reformers engaged theologians in discussions.,Religious scholar,Theologian (Noun),Modern History,Socio-Religious Reform Movement,"Theologian, Theology"
Venerated,Respected deeply.,Ancient texts were venerated by society.,Saints were highly venerated.,The reformer was venerated for his contributions.,Deeply respected,Venerate (Verb),Modern History,Socio-Religious Reform Movement,"Venerate, Veneration"
Trances,A state of deep concentration or unconsciousness.,Some mystics entered trances during meditation.,Religious rituals sometimes involved trances.,Followers believed spiritual truths were revealed in trances.,Deep meditation,Trance (Noun),Modern History,Socio-Religious Reform Movement,Trance
Toiling,Working very hard.,Farmers were toiling under difficult conditions.,Laborers spent long hours toiling.,The poor were constantly toiling for survival.,Hard work,Toil (Verb),Modern History,Socio-Religious Reform Movement,"Toil, Toiled, Toiling"
Chauvinism,Extreme and unreasonable pride in one's group.,Reformers warned against religious chauvinism.,Chauvinism often creates social divisions.,National chauvinism can lead to conflict.,Blind pride,Chauvinism (Noun),Modern History,Socio-Religious Reform Movement,Chauvinist
Occultism,Belief in mysterious supernatural powers.,Reformers opposed blind faith in occultism.,Occultism attracted some sections of society.,Scientific education challenged occultism.,Mystical magic,Occult (Adjective),Modern History,Socio-Religious Reform Movement,"Occult, Occultist"
Impasse,A situation where no progress is possible.,The debate reached an impasse.,Reform efforts faced an impasse due to opposition.,Negotiations ended in an impasse.,Deadlock,Impasse (Noun),Modern History,Socio-Religious Reform Movement,-
Emancipation,Freedom from restrictions or oppression.,Reformers worked for the emancipation of women.,Education aided social emancipation.,Emancipation became a major goal of reform movements.,Freedom,Emancipate (Verb),Modern History,Socio-Religious Reform Movement,"Emancipate, Emancipated"
Pyre,A pile of wood used for cremation.,Sati involved a funeral pyre.,Reformers campaigned against women being forced onto the pyre.,The custom was eventually abolished.,Funeral fire,Pyre (Noun),Modern History,Socio-Religious Reform Movement,Pyres
Perish,To die or be destroyed.,Many people perished during famines.,Reformers feared that valuable traditions would perish.,Thousands perished due to disease.,Die,Perish (Verb),Modern History,Socio-Religious Reform Movement,"Perished, Perishing"
Endorsing,Supporting or approving.,Some leaders endorsed social reforms.,Newspapers endorsed progressive ideas.,The organization endorsed women's education.,Support,Endorse (Verb),Modern History,Socio-Religious Reform Movement,"Endorse, Endorsement"
Endeavoured,Tried hard to achieve something.,Raja Ram Mohan Roy endeavoured to reform society.,Reformers endeavoured to spread education.,He endeavoured to remove social evils.,Serious effort,Endeavour (Verb/Noun),Modern History,Socio-Religious Reform Movement,"Endeavour, Endeavouring"
Contravene,To violate or go against a rule.,The practice was said to contravene moral principles.,Certain customs contravened human rights.,The act contravened the law.,Go against,Contravene (Verb),Modern History,Socio-Religious Reform Movement,Contravention
Polemic,A strong attack on an idea or belief.,Reform literature often contained polemics against superstition.,The article was a polemic against caste discrimination.,Many debates became highly polemical.,Strong criticism,Polemic (Noun),Modern History,Socio-Religious Reform Movement,Polemical
Stigma,A mark of shame or disgrace.,Widowhood carried a social stigma.,Reformers fought against the stigma attached to lower castes.,Education helped reduce social stigma.,Mark of shame,Stigma (Noun),Modern History,Socio-Religious Reform Movement,"Stigmatize, Stigmatized"
Sacerdotal,Relating to priests or priestly authority.,The movement opposed excessive sacerdotal control.,Sacerdotal privileges were questioned by reformers.,Many criticized sacerdotal dominance in society.,Priestly authority,Sacerdotal (Adjective),Modern History,Socio-Religious Reform Movement,Sacerdotalism
Reneged,Went back on a promise.,The ruler reneged on earlier commitments.,Some leaders reneged on their agreements.,The organization was accused of reneging on its promises.,Break promise,Renege (Verb),Modern History,Socio-Religious Reform Movement,"Renege, Reneging"
Fillip,Something that gives a boost or encouragement.,Modern education gave a fillip to reform movements.,The new law provided a fillip to social change.,Public support gave a fillip to the campaign.,Boost,Fillip (Noun),Modern History,Socio-Religious Reform Movement,-
Carrion,Dead and decaying flesh.,Reformers criticized practices involving animal carrion.,Carrion attracts scavenging birds.,The sight of carrion was considered unpleasant.,Dead flesh,Carrion (Noun),Modern History,Socio-Religious Reform Movement,-
Loathsome,Extremely unpleasant or disgusting.,Reformers described some practices as loathsome.,The custom was considered loathsome by critics.,Many viewed the act as loathsome and inhuman.,Disgusting,Loathsome (Adjective),Modern History,Socio-Religious Reform Movement,Loathsomeness
Decrying,Publicly criticizing.,Newspapers were decrying social injustices.,Reformers decried child marriage.,Intellectuals decried discrimination.,Publicly criticize,Decry (Verb),Modern History,Socio-Religious Reform Movement,"Decry, Decried"
Tirades,Long angry speeches full of criticism.,Opponents launched tirades against reformers.,Newspapers published tirades against certain customs.,Political meetings often featured emotional tirades.,Angry speech,Tirade (Noun),Modern History,Socio-Religious Reform Movement,Tirade
Unison,Acting or speaking together; in agreement.,The peasants raised their demands in unison.,Tribal communities acted in unison against exploitation.,Leaders and villagers spoke in unison during the protest.,Together as one,Unison (Noun),Modern History,"Peasant, Tribal and Other Movements",-
Pursuit,The act of trying to achieve or obtain something.,The peasants struggled in pursuit of justice.,Reformers worked in pursuit of social equality.,The pursuit of profit often harmed cultivators.,Chasing a goal,"Pursue (Verb), Pursuit (Noun)",Modern History,"Peasant, Tribal and Other Movements","Pursue, Pursuing"
Usurious,Charging excessively high interest on loans.,Moneylenders imposed usurious interest rates on peasants.,Usurious practices trapped farmers in debt.,Many revolts were directed against usurious lending.,Extremely high interest,"Usury (Noun), Usurious (Adjective)",Modern History,"Peasant, Tribal and Other Movements",Usury
Feudal,Relating to a system where landlords controlled land and peasants worked for them.,Many peasants suffered under the feudal system.,Feudal landlords exercised immense power.,Reformers criticized feudal exploitation.,Landlord-based system,"Feudal (Adjective), Feudalism (Noun)",Modern History,"Peasant, Tribal and Other Movements","Feudalism, Feudalist"
Unremunerative,Not profitable; not providing enough income.,Agriculture became unremunerative for many peasants.,Indigo cultivation was often unremunerative.,Farmers abandoned unremunerative occupations.,Not worth the effort,"Remunerate (Verb), Unremunerative (Adjective)",Modern History,"Peasant, Tribal and Other Movements","Remunerate, Remuneration"
Indenture,A contract binding a person to work for a fixed period.,Many Indians were sent abroad under indenture.,Indenture labourers worked on plantations.,The indenture system often led to exploitation.,Work contract,Indenture (Noun),Modern History,"Peasant, Tribal and Other Movements",Indentured
Beset,Surrounded or troubled by problems.,Peasants were beset by poverty and debt.,Tribal communities were beset with hardships.,The colonial administration was beset by revolts.,Troubled from all sides,Beset (Verb),Modern History,"Peasant, Tribal and Other Movements",Besetting
Patron,"A supporter, protector, or sponsor.",Local chiefs acted as patrons of tribal groups.,Wealthy merchants became patrons of reform movements.,The ruler was a patron of education.,Supporter,Patron (Noun),Modern History,"Peasant, Tribal and Other Movements",Patronage
Disenchantment,Disappointment after losing faith in something.,The peasants felt growing disenchantment with British rule.,Economic hardships led to widespread disenchantment.,Disenchantment fueled resistance movements.,Loss of faith,"Disenchanted (Adjective), Disenchantment (Noun)",Modern History,"Peasant, Tribal and Other Movements",Disenchanted
Ambit,"Scope, range, or area of influence.",The movement expanded its ambit over time.,Education came within the ambit of reform efforts.,The law fell within the ambit of colonial administration.,Scope,Ambit (Noun),Modern History,"Peasant, Tribal and Other Movements",-
Conform,To follow accepted rules or customs.,Many reformers refused to conform to social traditions.,The peasants were forced to conform to unfair policies.,Society expected individuals to conform.,Follow the rules,Conform (Verb),Modern History,"Peasant, Tribal and Other Movements","Conformity, Conforming"
Proselytizing,Trying to convert others to a religion or belief.,Missionaries were engaged in proselytizing activities.,Some tribal groups resisted proselytizing efforts.,Religious organizations promoted proselytizing.,Trying to convert others,Proselytize (Verb),Modern History,"Peasant, Tribal and Other Movements","Proselytize, Proselytization"
Tyranny,Cruel and oppressive rule.,The peasants revolted against tyranny.,Tribal uprisings challenged colonial tyranny.,Reformers condemned political tyranny.,Oppressive rule,"Tyrant (Noun), Tyranny (Noun)",Modern History,"Peasant, Tribal and Other Movements","Tyrant, Tyrannical"
Carving,"Creating, shaping, or cutting out something.",The British were carving out new territories.,Leaders played a role in carving political boundaries.,Tribal artisans were known for wood carving.,Shape or cut out,"Carve (Verb), Carving (Noun)",Modern History,"Peasant, Tribal and Other Movements","Carve, Carved"
Attributed,Regarded as being caused by someone or something.,The revolt was attributed to economic hardship.,Historians attributed the uprising to colonial policies.,Success was attributed to strong leadership.,Caused by,Attribute (Verb),Modern History,"Peasant, Tribal and Other Movements","Attribute, Attribution"
Reckon,"To think, believe, or calculate.",Many historians reckon the revolt was inevitable.,The peasants reckoned that conditions would improve.,He was reckoned among the greatest leaders.,Think or believe,Reckon (Verb),Modern History,"Peasant, Tribal and Other Movements",Reckoning
Quelled,Suppressed or put down.,The British quickly quelled the rebellion.,Troops were sent to quell tribal unrest.,The movement was eventually quelled by force.,Suppressed,Quell (Verb),Modern History,"Peasant, Tribal and Other Movements","Quell, Quelling"
Triumvirate,A group of three leaders sharing power.,A triumvirate of leaders guided the movement.,The organization was managed by a triumvirate.,Historians refer to the three reformers as a triumvirate.,Rule of three,Triumvirate (Noun),Modern History,"Peasant, Tribal and Other Movements",-
Instil,"To gradually introduce an idea, value, or feeling.",Reformers tried to instil confidence among the people.,Leaders sought to instil national pride.,Education helped instil modern values.,Gradually teach,Instil (Verb),Modern History,"Peasant, Tribal and Other Movements","Instilled, Instilling"
Ablaze,Burning intensely; filled with strong excitement or conflict.,The countryside was ablaze with rebellion.,Villages were ablaze during the conflict.,The region was ablaze with anti-colonial sentiment.,On fire,Ablaze (Adjective),Modern History,"Peasant, Tribal and Other Movements",-
Blatant,Very obvious and offensive; done openly without shame.,Reformers criticized the blatant discrimination in society.,The peasants protested against the blatant exploitation by landlords.,Nationalist leaders condemned the blatant misuse of power by the British.,Openly obvious,Blatant (Adjective),Modern History,Revolt of 1857,Blatantly
Patronage,"Support, protection, or financial help given by an influential person.",Indian art flourished under royal patronage.,Many scholars received patronage from kings.,The British gained support through political patronage.,Support from a powerful person,"Patron (Noun), Patronage (Noun)",Modern History,Revolt of 1857,"Patron, Patronize"
Notoriously,Famous for something bad.,The indigo planters were notoriously harsh towards peasants.,The prison was notoriously known for its poor conditions.,Some colonial laws were notoriously oppressive.,Famous for something bad,"Notorious (Adjective), Notoriously (Adverb)",Modern History,Revolt of 1857,"Notorious, Notoriety"
Scourge,A cause of great suffering or trouble.,Poverty remained a major scourge during British rule.,Famines became the scourge of rural India.,Reformers tried to eliminate the scourge of untouchability.,Great evil,Scourge (Noun/Verb),Modern History,Revolt of 1857,"Scourged, Scourging"
Denounce,To publicly criticize or condemn.,Nationalist leaders denounced British policies.,Reformers denounced the practice of Sati.,Newspapers denounced racial discrimination.,Publicly condemn,Denounce (Verb),Modern History,Revolt of 1857,"Denounced, Denunciation"
Estranged,Separated or no longer close due to disagreement.,Many rulers became estranged from the British.,The policy estranged the people from the government.,Social discrimination estranged different communities.,Become distant,Estrange (Verb),Modern History,Revolt of 1857,"Estrange, Estrangement"
Incite,To encourage people to take violent or strong action.,The speech was accused of inciting rebellion.,British officials feared that newspapers would incite unrest.,Some leaders were charged with inciting the masses.,Stir up,Incite (Verb),Modern History,Revolt of 1857,"Incited, Incitement"
Titular,"Holding only the title, without real power.","After 1857, the Mughal emperor became only a titular ruler.",Many princes remained titular heads under British rule.,The king held a titular position while the Company exercised power.,Only in name,Titular (Adjective),Modern History,Revolt of 1857,-
Dissent,Disagreement with official ideas or policies.,The British tried to suppress political dissent.,Newspapers became platforms for dissent.,Many leaders openly dissented against colonial rule.,Disagreement,Dissent (Noun/Verb),Modern History,Revolt of 1857,"Dissenting, Dissenter"
Retrogressive,Moving backward instead of making progress.,Reformers opposed retrogressive social practices.,The policy was considered retrogressive by many leaders.,Child marriage was viewed as a retrogressive custom.,Backward-looking,"Retrogress (Verb), Retrogressive (Adjective)",Modern History,Revolt of 1857,"Retrogress, Retrogression"
Desisted,Stopped doing something.,The protesters refused to desist from their movement.,The British ordered the rebels to desist from violence.,Reformers did not desist despite opposition.,Stop doing,Desist (Verb),Modern History,Revolt of 1857,"Desist, Desisting"
Proclamation,An official public announcement.,The Queen's Proclamation of 1858 changed British administration.,A royal proclamation was issued after the revolt.,The proclamation promised equal treatment before the law.,Official announcement,"Proclaim (Verb), Proclamation (Noun)",Modern History,Revolt of 1857,"Proclaim, Proclaimed"
Emancipate,"To free someone from oppression, restrictions, or control.",Reformers worked to emancipate women from social evils.,Education helped emancipate oppressed communities.,Social reform aimed to emancipate people from discrimination.,Set free,Emancipate (Verb),Modern History,Revolt of 1857,"Emancipation, Emancipated"
Stumbling Block,An obstacle or problem that prevents progress.,The lack of unity became a stumbling block to the national movement.,Illiteracy was a stumbling block in spreading political awareness.,Regional differences acted as a stumbling block to national unity.,Obstacle,Stumbling Block (Phrase),Modern History,Rise of Indian Nationalism,-
Disillusionment,Feeling disappointed after realizing something is not as good as expected.,Indians experienced disillusionment with British rule.,Economic exploitation led to widespread disillusionment.,The failure of reforms increased public disillusionment.,Lost hope,"Disillusion (Verb), Disillusionment (Noun)",Modern History,Rise of Indian Nationalism,"Disillusion, Disillusioned"
Dissemination,The act of spreading information or ideas.,Newspapers played an important role in the dissemination of nationalist ideas.,The dissemination of Western education created political awareness.,Books contributed to the dissemination of reformist ideas.,Spread,"Disseminate (Verb), Dissemination (Noun)",Modern History,Rise of Indian Nationalism,"Disseminate, Disseminated"
Vociferation,Loud and forceful expression of opinions.,There was vociferation against unfair British policies.,Public meetings witnessed loud vociferation for reforms.,The Congress sessions echoed with vociferation for self-government.,Loud protest,"Vociferate (Verb), Vociferation (Noun)",Modern History,Rise of Indian Nationalism,"Vociferate, Vociferous"
Apt,Suitable or appropriate.,The slogan was apt for inspiring national unity.,Dadabhai Naoroji gave an apt explanation of the Drain Theory.,The newspaper used apt examples to criticize colonial rule.,Suitable,Apt (Adjective),Modern History,Rise of Indian Nationalism,Aptly
Espoused,To support or adopt an idea or cause.,Early nationalists espoused constitutional methods.,Reformers espoused women's education.,Many leaders espoused the idea of self-government.,Support,Espouse (Verb),Modern History,Rise of Indian Nationalism,"Espouse, Espousal"
Staunchly,Firmly and loyally.,Gopal Krishna Gokhale staunchly believed in constitutional reforms.,Many leaders staunchly opposed racial discrimination.,The newspaper staunchly supported Indian rights.,Firmly,"Staunch (Adjective), Staunchly (Adverb)",Modern History,Rise of Indian Nationalism,Staunch
Aloof,Distant; not involved.,Some rulers remained aloof from the nationalist movement.,Educated Indians could no longer remain aloof from politics.,The British administration stayed aloof from public demands.,Distant,Aloof (Adjective),Modern History,Rise of Indian Nationalism,-
Lent Credence,To make something seem believable or trustworthy.,Official reports lent credence to the allegations of exploitation.,Economic data lent credence to the Drain Theory.,Eyewitness accounts lent credence to the nationalist claims.,Made believable,"Lend (Verb), Credence (Noun)",Modern History,Rise of Indian Nationalism,"Lend, Credence"
Inception,The beginning or start of something.,The inception of the Indian National Congress marked a new phase.,The inception of political associations increased public participation.,Nationalism gained momentum from its early inception.,Beginning,Inception (Noun),Modern History,Rise of Indian Nationalism,Incept
Allay,"To reduce fear, worry, or anger.",The British introduced reforms to allay public dissatisfaction.,Leaders tried to allay the fears of different communities.,The government failed to allay growing unrest.,Calm down,Allay (Verb),Modern History,Rise of Indian Nationalism,"Allayed, Allaying"
Demise,Death or end of something.,The demise of old political systems encouraged nationalism.,The leader's demise was widely mourned.,The decline of British authority eventually led to its demise.,End,Demise (Noun),Modern History,Rise of Indian Nationalism,-
Pronged,Having several parts or approaches.,The Congress adopted a multi-pronged strategy.,Nationalists launched a two-pronged campaign against colonial rule.,The movement followed a pronged approach involving education and protest.,Multi-sided,"Prong (Noun), Pronged (Adjective)",Modern History,Rise of Indian Nationalism,Prong
Ameliorate,To improve or make better.,Reformers sought to ameliorate the condition of peasants.,New policies failed to ameliorate poverty.,The Congress demanded measures to ameliorate public welfare.,Improve,Ameliorate (Verb),Modern History,Rise of Indian Nationalism,"Ameliorated, Amelioration"
Fangs,Sharp teeth; used metaphorically to mean harmful power.,Nationalists wanted to remove the fangs of colonial exploitation.,The British administration showed the fangs of imperialism.,The law revealed the fangs of an oppressive government.,Harmful power,Fang (Noun),Modern History,Rise of Indian Nationalism,Fang
Complacency,Self-satisfaction that prevents improvement.,The early leaders warned against political complacency.,Complacency delayed public awakening.,Nationalists urged people to overcome complacency.,False satisfaction,"Complacent (Adjective), Complacency (Noun)",Modern History,Rise of Indian Nationalism,Complacent
Cadastral,"Related to land records, land surveys, or property boundaries.",The British prepared cadastral surveys for revenue collection.,Cadastral maps helped determine land taxes.,Cadastral records became important for land administration.,Land records,Cadastral (Adjective),Modern History,Rise of Indian Nationalism,Cadastre
Perpetrated,To commit a harmful or illegal act.,The British perpetrated many acts of repression.,The police perpetrated violence against peaceful protesters.,The massacre was perpetrated by colonial forces.,Commit a wrong,Perpetrate (Verb),Modern History,Indian National Movement (1905-1916),"Perpetrate, Perpetration"
Simmering,Existing quietly but likely to become stronger.,Simmering discontent spread across Bengal.,There was simmering anger against British rule.,Economic hardships created simmering resentment.,Hidden anger,Simmer (Verb),Modern History,Indian National Movement (1905-1916),"Simmer, Simmered"
Propounded,To put forward an idea or theory.,Tilak propounded the idea of Swaraj.,Nationalists propounded new political strategies.,The leader propounded reforms through his speeches.,Put forward,Propound (Verb),Modern History,Indian National Movement (1905-1916),"Propound, Propounding"
Endowed,"To provide with a quality, gift, or resource.",India was endowed with abundant natural resources.,Tilak was endowed with remarkable leadership skills.,The institution was endowed with generous funds.,Gifted with,Endow (Verb),Modern History,Indian National Movement (1905-1916),"Endow, Endowment"
Capitulation,Surrender or give up after resistance.,The revolutionaries refused capitulation.,The British expected the leaders' capitulation.,Capitulation was viewed as a sign of weakness.,Surrender,Capitulate (Verb),Modern History,Indian National Movement (1905-1916),"Capitulate, Capitulated"
Politico-Cultural Creed,A system of political and cultural beliefs.,Nationalism became a politico-cultural creed.,The movement promoted a common politico-cultural creed.,The leaders united people through a shared politico-cultural creed.,Political belief system,Creed (Noun),Modern History,Indian National Movement (1905-1916),Creed
Avowed,To openly declare or admit.,Tilak was an avowed nationalist.,The Congress openly avowed its objectives.,He avowed his commitment to Swaraj.,Openly declared,Avow (Verb),Modern History,Indian National Movement (1905-1916),"Avow, Avowal"
Draconian Laws,Extremely harsh or severe laws.,The British introduced draconian laws to suppress dissent.,Revolutionaries opposed draconian legislation.,The press criticized draconian restrictions.,Very harsh laws,Draconian (Adjective),Modern History,Indian National Movement (1905-1916),Draconian
Providential Mission,Believed to be guided by God or destiny.,Some British officials claimed a providential mission in India.,They justified colonial rule as a providential mission.,Nationalists rejected this claim.,God's mission,Providential (Adjective),Modern History,Indian National Movement (1905-1916),Providentially
Panacea,A solution believed to solve every problem.,Constitutional reforms were not a panacea.,Swadeshi alone was not considered a panacea.,Education is not a panacea for every social issue.,Cure-all,Panacea (Noun),Modern History,Indian National Movement (1905-1916),-
Embodiment,A perfect example or representation.,Tilak became the embodiment of assertive nationalism.,Gandhi later became the embodiment of non-violence.,The flag became the embodiment of national unity.,Perfect example,"Embody (Verb), Embodiment (Noun)",Modern History,Indian National Movement (1905-1916),"Embody, Embodied"
Ulterior,Hidden or secret.,The partition had ulterior political motives.,The British were accused of having ulterior intentions.,His proposal carried an ulterior purpose.,Hidden motive,Ulterior (Adjective),Modern History,Indian National Movement (1905-1916),-
Apparent Prima Facie,At first sight; based on initial appearance.,"Prima facie, the decision appeared reasonable.",There was prima facie evidence of discrimination.,"Prima facie, the policy seemed beneficial.",At first glance,Prima Facie (Latin Phrase),Modern History,Indian National Movement (1905-1916),-
Out of the Blue,Unexpectedly.,The announcement came out of the blue.,The arrest happened out of the blue.,The decision surprised everyone out of the blue.,Suddenly,Out of the Blue (Idiom),Modern History,Indian National Movement (1905-1916),-
Spurted Out,To come out suddenly or increase rapidly.,Nationalist newspapers spurted out across India.,Anger spurted out after the partition.,Protests spurted out in many cities.,Suddenly burst forth,Spurt (Verb),Modern History,Indian National Movement (1905-1916),"Spurt, Spurting"
Inter-alia,Among other things.,"The resolution demanded, inter alia, greater representation.","The report discussed, inter alia, economic exploitation.","The reforms included, inter alia, educational changes.",Among other things,Inter-alia (Latin Phrase),Modern History,Indian National Movement (1905-1916),-
Annulled,To officially cancel.,The Partition of Bengal was annulled in 1911.,The government annulled the previous order.,Several restrictions were annulled.,Officially cancel,Annul (Verb),Modern History,Indian National Movement (1905-1916),"Annul, Annulment"
Hitherto,Until now.,"Hitherto, Congress had followed moderate methods.",Hitherto neglected groups joined the movement.,Hitherto unknown leaders emerged.,Until now,Hitherto (Adverb),Modern History,Indian National Movement (1905-1916),-
Fillip,A boost or encouragement.,The Swadeshi Movement gave a fillip to nationalism.,Boycott campaigns provided a fillip to indigenous industries.,The movement received a fillip from student participation.,Boost,Fillip (Noun),Modern History,Indian National Movement (1905-1916),-
Onset,The beginning of something.,The onset of the Swadeshi Movement transformed politics.,The First World War marked the onset of new challenges.,The onset of nationalism united many Indians.,Beginning,Onset (Noun),Modern History,Indian National Movement (1905-1916),-
Proliferation,Rapid increase in number.,There was a proliferation of nationalist newspapers.,Secret societies saw rapid proliferation.,Educational institutions witnessed proliferation.,Rapid growth,Proliferate (Verb),Modern History,Indian National Movement (1905-1916),"Proliferate, Proliferating"
Fervour,Great enthusiasm.,The Swadeshi Movement spread with patriotic fervour.,Students participated with great fervour.,Nationalist fervour inspired thousands.,Passion,Fervour (Noun),Modern History,Indian National Movement (1905-1916),"Fervent, Fervently"
Ingenious,Clever and inventive.,Revolutionaries used ingenious methods to avoid arrest.,Leaders adopted ingenious strategies.,The plan was remarkably ingenious.,Clever,Ingenious (Adjective),Modern History,Indian National Movement (1905-1916),"Ingenuity, Ingeniously"
Aloof,Distant; uninvolved.,Some princes remained aloof from the movement.,Many officials stayed aloof from public opinion.,The educated class could not remain aloof forever.,Detached,Aloof (Adjective),Modern History,Indian National Movement (1905-1916),-
Foreshadow,To indicate that something will happen later.,The partition foreshadowed future communal tensions.,Early protests foreshadowed mass movements.,The event foreshadowed larger political changes.,Predict beforehand,Foreshadow (Verb),Modern History,Indian National Movement (1905-1916),"Foreshadowed, Foreshadowing"
Cordial,Warm and friendly.,The Moderates maintained cordial relations with officials.,The leaders held cordial discussions.,Cordial cooperation helped the negotiations.,Friendly,Cordial (Adjective),Modern History,Indian National Movement (1905-1916),Cordially
Dissuades,To persuade someone not to do something.,Moderate leaders tried to dissuade the youth from violence.,Friends dissuaded him from joining the revolt.,The government failed to dissuade protesters.,Talk out of,Dissuade (Verb),Modern History,Indian National Movement (1905-1916),"Dissuade, Dissuaded, Dissuasion"
Averting,To prevent.,Leaders worked towards averting communal conflict.,Timely reforms helped in averting unrest.,Diplomacy succeeded in averting violence.,Prevent,Avert (Verb),Modern History,Indian National Movement (1905-1916),"Avert, Averted"
Anvil,"A heavy iron block used by blacksmiths; metaphorically, a place where ideas are shaped.",The freedom struggle became the anvil on which leaders were forged.,National unity was shaped on the anvil of sacrifice.,The movement became the anvil of political awakening.,Place where things are shaped,Anvil (Noun),Modern History,Indian National Movement (1905-1916),Anvils
Congenial,Pleasant or suitable.,The political atmosphere was not congenial for reforms.,The new environment proved congenial for nationalist ideas.,Students found the institution congenial.,Suitable,Congenial (Adjective),Modern History,Indian National Movement (1905-1916),"Congeniality, Congenially"
Espoused,To support a cause or idea.,Extremists espoused complete self-rule.,Congress leaders espoused constitutional reforms.,Nationalists espoused Swadeshi ideals.,Support,Espouse (Verb),Modern History,Indian National Movement (1905-1916),"Espouse, Espousal"
Belligerent Powers,Nations engaged in war.,Britain was one of the belligerent powers in World War I.,The belligerent powers mobilized vast armies.,India contributed soldiers to the Allied belligerent powers.,Countries at war,Belligerent (Adjective),Modern History,Indian National Movement (1905-1916),"Belligerence, Belligerently"
Coronation,The ceremony of crowning a monarch.,Delhi hosted the Coronation Durbar in 1911.,The king's coronation was celebrated across the Empire.,The coronation marked the beginning of a new reign.,Crowning ceremony,Coronation (Noun),Modern History,Indian National Movement (1905-1916),Coronate
Dismemberment,Breaking apart or dividing.,Nationalists opposed the dismemberment of Bengal.,The partition led to the dismemberment of the province.,They feared the dismemberment of national unity.,Break apart,Dismember (Verb),Modern History,Indian National Movement (1905-1916),"Dismember, Dismembered"
Rapprochement,Restoration of friendly relations.,The Lucknow Pact marked a rapprochement between Congress and the Muslim League.,Leaders sought rapprochement after years of disagreement.,The agreement led to political rapprochement.,Friendly reunion,Rapprochement (Noun),Modern History,Indian National Movement (1905-1916),-
Truce,Temporary agreement to stop fighting.,The rivals declared a truce during negotiations.,A political truce allowed discussions to continue.,The truce reduced tensions temporarily.,Temporary peace,Truce (Noun),Modern History,Indian National Movement (1905-1916),Truces
Rescinded,To officially cancel or withdraw.,The government rescinded the controversial order.,Several restrictions were rescinded after protests.,The policy was later rescinded.,Withdraw officially,Rescind (Verb),Modern History,Indian National Movement (1905-1916),"Rescind, Rescission"
Magna Carta,The historic English charter (1215) that limited the king's powers and recognized certain rights; also used metaphorically for a document guaranteeing fundamental rights.,"The Lucknow Pact has sometimes been described as the ""Magna Carta"" of Hindu-Muslim unity.",The Magna Carta became a symbol of constitutional rights.,Many democratic constitutions draw inspiration from the Magna Carta.,Charter of rights,Proper Noun,Modern History,Indian National Movement (1905-1916),-